CHANNEL,DIRECTION,M,B
1,1,0.9715089233401444,-0.08822692392330707
1,-1,0.8279843459222771,0.02605648631636564
2,1,0.8975511052969966,-0.07261540116592931
2,-1,0.9317927203065138,0.08391849863163664
