CHANNEL,DIRECTION,M,B
1,1,1.380304077497454,-0.06495885366062551
1,-1,1.3005578475935826,0.03427304188948287
2,1,1.3055356147377928,-0.006453006998823861
2,-1,1.3136842475171897,-0.0006850634071809573
