CHANNEL,DIRECTION,M,B
1,1,1.0678352501069794,0.0339402515501165
1,-1,1.1311601592756058,-0.019324328731020954
2,1,1.0709657604272689,0.013087864108091606
2,-1,1.038994190399756,-0.01209984077880576
