CHANNEL,DIRECTION,M,B
1,1,0.9331834949169504,-0.029686438069491037
1,-1,0.8795854149054503,0.014238668668891312
2,1,0.9305407819626236,-0.010183242951526391
2,-1,0.9536188709677419,0.006114213709677348
