CHANNEL,DIRECTION,M,B
1,1,0.7244110381433229,0.047112404743226366
1,-1,0.7682686535334938,-0.026824207897045683
2,1,0.7652294670267837,0.005505366208560354
2,-1,0.7602647242443241,-0.00021484255027382117
