CHANNEL,DIRECTION,M,B
1,1,1.02867407020124,0.09117674821577632
1,-1,1.2014505682276242,-0.034762331124930955
2,1,1.1124026034079852,0.08181226226168445
2,-1,1.0715602513779088,-0.0909359999264866
